Designator,Comment,Value,Footprint,JLCPCB Part #,Manufacturer Part Number,Assembly Process
J_PD,TYPE-C-31-M-12,TYPE-C-31-M-12,C165948,C165948,TYPE-C-31-M-12,Top SMT reflow; shield slots hand solder
J_DATA,TYPE-C-31-M-12,TYPE-C-31-M-12,C165948,C165948,TYPE-C-31-M-12,Top SMT reflow; shield slots hand solder
U_PD,CH224K,CH224K,C970725,C970725,CH224K,Top SMT reflow
R_PD,ERJPA3F1001V,1kΩ,C441922,C441922,ERJPA3F1001V,Top SMT reflow
C_PD,CL10A105KB8NNNC,1uF,C15849,C15849,CL10A105KB8NNNC,Top SMT reflow
R_PG,0603WAF1002T5E,10kΩ,C25804,C25804,0603WAF1002T5E,Top SMT reflow
U_MCU,CH32X035G8U6,CH32X035G8U6,C7437027,C7437027,CH32X035G8U6,Top SMT reflow
C_MCU,CC0603KRX7R9BB104,100nF,C14663,C14663,CC0603KRX7R9BB104,Top SMT reflow
C_LOGIC,CL21A475KBQNNNE,4.7uF,C98192,C98192,CL21A475KBQNNNE,Top SMT reflow
R_CC1,0603WAF5101T5E,5.1kΩ,C23186,C23186,0603WAF5101T5E,Top SMT reflow
R_CC2,0603WAF5101T5E,5.1kΩ,C23186,C23186,0603WAF5101T5E,Top SMT reflow
R_USB_SENSE_H,0603WAF1002T5E,10kΩ,C25804,C25804,0603WAF1002T5E,Top SMT reflow
R_USB_SENSE_L,0603WAF1002T5E,10kΩ,C25804,C25804,0603WAF1002T5E,Top SMT reflow
Q_DATA,MMBT3904-7-F,MMBT3904-7-F,C94514,C94514,MMBT3904-7-F,Top SMT reflow
R_VM_H,0603WAF1003T5E,100kΩ,C25803,C25803,0603WAF1003T5E,Top SMT reflow
R_VM_L,0603WAF1002T5E,10kΩ,C25804,C25804,0603WAF1002T5E,Top SMT reflow
U_VM_ISO,SN74CBTLV1G125DCKR,SN74CBTLV1G125DCKR,C131992,C131992,SN74CBTLV1G125DCKR,Top SMT reflow
R_VM_EN,0603WAF1002T5E,10kΩ,C25804,C25804,0603WAF1002T5E,Top SMT reflow
R_VM_BLEED,0603WAF1002T5E,10kΩ,C25804,C25804,0603WAF1002T5E,Top SMT reflow
C_VM_ISO,CC0603KRX7R9BB104,100nF,C14663,C14663,CC0603KRX7R9BB104,Top SMT reflow
C_VM_SENSE,CL10B103KB8NNNC,10nF,C1589,C1589,CL10B103KB8NNNC,Top SMT reflow
U_LDO,HT7533-1,HT7533-1,C14289,C14289,HT7533-1,Top SMT reflow
D_PD,B5819W SL,B5819W SL,C8598,C8598,B5819W SL,Top SMT reflow
D_DATA,B5819W SL,B5819W SL,C8598,C8598,B5819W SL,Top SMT reflow
C_LDO_IN,CL21B105KBFNNNE,1uF,C28323,C28323,CL21B105KBFNNNE,Top SMT reflow
C_LDO_OUT,CL21A475KBQNNNE,4.7uF,C98192,C98192,CL21A475KBQNNNE,Top SMT reflow
U_DRV,A4988SETTR-T,A4988SETTR-T,C38437,C38437,A4988SETTR-T,Top SMT reflow
C_CP,CC0603KRX7R9BB104,100nF,C14663,C14663,CC0603KRX7R9BB104,Top SMT reflow
C_VCP,CC0603KRX7R9BB104,100nF,C14663,C14663,CC0603KRX7R9BB104,Top SMT reflow
C_VREG,CL10B224KA8NNNC,220nF,C21120,C21120,CL10B224KA8NNNC,Top SMT reflow
C_DRV_LOGIC,CC0603KRX7R9BB104,100nF,C14663,C14663,CC0603KRX7R9BB104,Top SMT reflow
C_VM,CC0603KRX7R9BB104,100nF,C14663,C14663,CC0603KRX7R9BB104,Top SMT reflow
C_VM2,CC0603KRX7R9BB104,100nF,C14663,C14663,CC0603KRX7R9BB104,Top SMT reflow
C_BULK,EEEFPV101XAP,100uF,C178585,C178585,EEEFPV101XAP,Top SMT reflow
R_SA,FRL0805FR240TS,240mΩ,C2930216,C2930216,FRL0805FR240TS,Top SMT reflow
R_SB,FRL0805FR240TS,240mΩ,C2930216,C2930216,FRL0805FR240TS,Top SMT reflow
R_REF_H,0603WAF3901T5E,3.9kΩ,C23018,C23018,0603WAF3901T5E,Top SMT reflow
R_REF_L,ERJPA3F1001V,1kΩ,C441922,C441922,ERJPA3F1001V,Top SMT reflow
C_REF,CL10B103KB8NNNC,10nF,C1589,C1589,CL10B103KB8NNNC,Top SMT reflow
R_ENABLE,0603WAF1002T5E,10kΩ,C25804,C25804,0603WAF1002T5E,Top SMT reflow
R_SLEEP,0603WAF1002T5E,10kΩ,C25804,C25804,0603WAF1002T5E,Top SMT reflow
U_ESD,USBLC6-2SC6,USBLC6-2SC6,C2687116,C2687116,USBLC6-2SC6,Top SMT reflow
D_TVS,SMF18A,SMF18A,C19077512,C19077512,SMF18A,Top SMT reflow
R_USB_BOOT,0402WGF4701TCE,4.7kΩ,C25900,C25900,0402WGF4701TCE,Top SMT reflow
