Via ID,X mm,Y mm,Finished drill mm,Copper diameter mm,Nominal annulus mm,Nominal aspect ratio,Minimum drill-to-top-SMT-land mm,Required process
freerouted_via_7,-8.7698,3.7078,0.25,0.5,0.125,6.4,0.2946685000000002,Ordinary plated; >=20um finished barrel Cu; tent both faces; no open drill in SMT/paste; supplier registration/coupon acceptance pending
freerouted_via_12,4.5995,6.2082,0.25,0.5,0.125,6.4,0.4086997502311293,Ordinary plated; >=20um finished barrel Cu; tent both faces; no open drill in SMT/paste; supplier registration/coupon acceptance pending
freerouted_via_15,11.787,6.5882,0.25,0.5,0.125,6.4,0.4460385000000002,Ordinary plated; >=20um finished barrel Cu; tent both faces; no open drill in SMT/paste; supplier registration/coupon acceptance pending
freerouted_via_16,10.6864,-10.6859,0.25,0.5,0.125,6.4,1.4047983000000015,Ordinary plated; >=20um finished barrel Cu; tent both faces; no open drill in SMT/paste; supplier registration/coupon acceptance pending
freerouted_via_18,4.0619,-10.3658,0.25,0.5,0.125,6.4,0.29080090000000064,Ordinary plated; >=20um finished barrel Cu; tent both faces; no open drill in SMT/paste; supplier registration/coupon acceptance pending
freerouted_via_20,-4.3342,-4.2382,0.25,0.5,0.125,6.4,0.4577749712514723,Ordinary plated; >=20um finished barrel Cu; tent both faces; no open drill in SMT/paste; supplier registration/coupon acceptance pending
freerouted_via_23,8.3305,0.8452,0.25,0.5,0.125,6.4,0.857250475978404,Ordinary plated; >=20um finished barrel Cu; tent both faces; no open drill in SMT/paste; supplier registration/coupon acceptance pending
freerouted_via_24,2.9109,4.1842,0.25,0.5,0.125,6.4,0.7292983,Ordinary plated; >=20um finished barrel Cu; tent both faces; no open drill in SMT/paste; supplier registration/coupon acceptance pending
freerouted_via_25,3.0847,5.483,0.25,0.5,0.125,6.4,0.2903748,Ordinary plated; >=20um finished barrel Cu; tent both faces; no open drill in SMT/paste; supplier registration/coupon acceptance pending
freerouted_via_29,6.1992,-11.6755,0.25,0.5,0.125,6.4,0.3350892135840943,Ordinary plated; >=20um finished barrel Cu; tent both faces; no open drill in SMT/paste; supplier registration/coupon acceptance pending
freerouted_via_30,5.6376,-11.1818,0.25,0.5,0.125,6.4,0.7181945999999985,Ordinary plated; >=20um finished barrel Cu; tent both faces; no open drill in SMT/paste; supplier registration/coupon acceptance pending
freerouted_via_31,5.6192,-1.9533,0.25,0.5,0.125,6.4,0.31097796133204486,Ordinary plated; >=20um finished barrel Cu; tent both faces; no open drill in SMT/paste; supplier registration/coupon acceptance pending
freerouted_via_32,2.8799,6.981,0.25,0.5,0.125,6.4,0.4951748,Ordinary plated; >=20um finished barrel Cu; tent both faces; no open drill in SMT/paste; supplier registration/coupon acceptance pending
freerouted_via_33,9.3894,2.8876,0.25,0.5,0.125,6.4,0.60599117312055,Ordinary plated; >=20um finished barrel Cu; tent both faces; no open drill in SMT/paste; supplier registration/coupon acceptance pending
freerouted_via_34,-0.5361,2.8443,0.25,0.5,0.125,6.4,0.32116196622495086,Ordinary plated; >=20um finished barrel Cu; tent both faces; no open drill in SMT/paste; supplier registration/coupon acceptance pending
freerouted_via_35,-0.5361,6.85,0.25,0.5,0.125,6.4,0.3822983000000002,Ordinary plated; >=20um finished barrel Cu; tent both faces; no open drill in SMT/paste; supplier registration/coupon acceptance pending
freerouted_via_36,8.0984,-16.6609,0.25,0.5,0.125,6.4,0.2859000000000016,Ordinary plated; >=20um finished barrel Cu; tent both faces; no open drill in SMT/paste; supplier registration/coupon acceptance pending
freerouted_via_37,8.8122,-13.8625,0.25,0.5,0.125,6.4,0.7624946,Ordinary plated; >=20um finished barrel Cu; tent both faces; no open drill in SMT/paste; supplier registration/coupon acceptance pending
freerouted_via_38,2.1933,-11.7933,0.25,0.5,0.125,6.4,1.4630026372316678,Ordinary plated; >=20um finished barrel Cu; tent both faces; no open drill in SMT/paste; supplier registration/coupon acceptance pending
freerouted_via_39,-4.4152,2.3566,0.25,0.5,0.125,6.4,0.8184172999999997,Ordinary plated; >=20um finished barrel Cu; tent both faces; no open drill in SMT/paste; supplier registration/coupon acceptance pending
supplier_repair_U_MCU_fanout_STEP_via0,1.5,1.3,0.25,0.5,0.125,6.4,0.42500089999999985,Ordinary plated; >=20um finished barrel Cu; tent both faces; no open drill in SMT/paste; supplier registration/coupon acceptance pending
supplier_repair_U_MCU_fanout_DIR_via0,2.05,0.6999,0.25,0.5,0.125,6.4,0.4743046999999998,Ordinary plated; >=20um finished barrel Cu; tent both faces; no open drill in SMT/paste; supplier registration/coupon acceptance pending
supplier_repair_U_MCU_fanout_PD_PG_via0,1.5,0.1,0.25,0.5,0.125,6.4,0.7183983,Ordinary plated; >=20um finished barrel Cu; tent both faces; no open drill in SMT/paste; supplier registration/coupon acceptance pending
supplier_repair_U_MCU_fanout_DATA_PRESENT_via0,3.3,-1.4,0.25,0.5,0.125,6.4,0.5547348050769685,Ordinary plated; >=20um finished barrel Cu; tent both faces; no open drill in SMT/paste; supplier registration/coupon acceptance pending
supplier_repair_U_MCU_fanout_VM_SENSE_via0,4.3,-1.4,0.25,0.5,0.125,6.4,0.42500545330869577,Ordinary plated; >=20um finished barrel Cu; tent both faces; no open drill in SMT/paste; supplier registration/coupon acceptance pending
supplier_repair_U_MCU_fanout_DRV_ENABLE_N_via0,6.199196,-1.45,0.25,0.5,0.125,6.4,0.4750046999999996,Ordinary plated; >=20um finished barrel Cu; tent both faces; no open drill in SMT/paste; supplier registration/coupon acceptance pending
supplier_repair_U_MCU_fanout_DRV_SLEEP_via0,7.95,0.300104,0.25,0.5,0.125,6.4,0.4757047000000005,Ordinary plated; >=20um finished barrel Cu; tent both faces; no open drill in SMT/paste; supplier registration/coupon acceptance pending
supplier_repair_U_MCU_fanout_VM_ENABLE_N_via0,8.1,1.5,0.25,0.5,0.125,6.4,0.6257046999999991,Ordinary plated; >=20um finished barrel Cu; tent both faces; no open drill in SMT/paste; supplier registration/coupon acceptance pending
supplier_repair_U_MCU_fanout_USB_DP_via0,3.5,4.55,0.25,0.5,0.125,6.4,0.6028563344944886,Ordinary plated; >=20um finished barrel Cu; tent both faces; no open drill in SMT/paste; supplier registration/coupon acceptance pending
supplier_repair_U_MCU_fanout_USB_DM_via0,4.599504,4.55,0.25,0.5,0.125,6.4,0.5750046999999996,Ordinary plated; >=20um finished barrel Cu; tent both faces; no open drill in SMT/paste; supplier registration/coupon acceptance pending
supplier_repair_U_MCU_fanout_SWDIO_via0,5.5,4.75,0.25,0.5,0.125,6.4,0.7750052274660666,Ordinary plated; >=20um finished barrel Cu; tent both faces; no open drill in SMT/paste; supplier registration/coupon acceptance pending
supplier_repair_U_MCU_fanout_SWCLK_via0,6.8,4.4,0.25,0.5,0.125,6.4,0.6188485114485619,Ordinary plated; >=20um finished barrel Cu; tent both faces; no open drill in SMT/paste; supplier registration/coupon acceptance pending
service_usb_repair_net7_1_via0,8.350000000000001,6.625,0.25,0.5,0.125,6.4,0.309038499999998,Ordinary plated; >=20um finished barrel Cu; tent both faces; no open drill in SMT/paste; supplier registration/coupon acceptance pending
service_usb_repair_net8_0_via0,7.825000000000003,6.200000000000003,0.25,0.5,0.125,6.4,0.8340384999999966,Ordinary plated; >=20um finished barrel Cu; tent both faces; no open drill in SMT/paste; supplier registration/coupon acceptance pending
freerouted_via_1,4.5418,-10.8588,0.25,0.5,0.125,6.4,0.8154316224730671,Ordinary plated; >=20um finished barrel Cu; tent both faces; no open drill in SMT/paste; supplier registration/coupon acceptance pending
freerouted_via_2,5.2506,-8.6365,0.25,0.5,0.125,6.4,0.2885009000000007,Ordinary plated; >=20um finished barrel Cu; tent both faces; no open drill in SMT/paste; supplier registration/coupon acceptance pending
freerouted_via_3,4.7965,-3.935,0.25,0.5,0.125,6.4,0.5600009000000004,Ordinary plated; >=20um finished barrel Cu; tent both faces; no open drill in SMT/paste; supplier registration/coupon acceptance pending
freerouted_via_4,12.828,4.869,0.25,0.5,0.125,6.4,0.6440006,Ordinary plated; >=20um finished barrel Cu; tent both faces; no open drill in SMT/paste; supplier registration/coupon acceptance pending
freerouted_via_5,3.2131,-0.6373,0.25,0.5,0.125,6.4,0.36130419999999935,Ordinary plated; >=20um finished barrel Cu; tent both faces; no open drill in SMT/paste; supplier registration/coupon acceptance pending
freerouted_via_6,0.8904,5.4816,0.25,0.5,0.125,6.4,0.28452679999999964,Ordinary plated; >=20um finished barrel Cu; tent both faces; no open drill in SMT/paste; supplier registration/coupon acceptance pending
service_usb_repair_net8_0_via0_unique_1,10.5,7.400000000000002,0.25,0.5,0.125,6.4,0.32885367166923446,Ordinary plated; >=20um finished barrel Cu; tent both faces; no open drill in SMT/paste; supplier registration/coupon acceptance pending
service_usb_repair_net8_1_via0,7.800000000000001,8.25,0.25,0.5,0.125,6.4,0.7183983000000005,Ordinary plated; >=20um finished barrel Cu; tent both faces; no open drill in SMT/paste; supplier registration/coupon acceptance pending
service_usb_repair_net3_0_via0,-8.75,9.25,0.25,0.5,0.125,6.4,0.35092920000000133,Ordinary plated; >=20um finished barrel Cu; tent both faces; no open drill in SMT/paste; supplier registration/coupon acceptance pending
service_usb_repair_net2_0_via0,-5.75,5.975000000000001,0.25,0.5,0.125,6.4,0.5481418075950738,Ordinary plated; >=20um finished barrel Cu; tent both faces; no open drill in SMT/paste; supplier registration/coupon acceptance pending
service_usb_repair_net2_0_via1,-5.75,9.25,0.25,0.5,0.125,6.4,0.35092920000000133,Ordinary plated; >=20um finished barrel Cu; tent both faces; no open drill in SMT/paste; supplier registration/coupon acceptance pending
service_usb_repair_net5_0_via0,5.925000000000001,9.175,0.25,0.5,0.125,6.4,0.37191975641683983,Ordinary plated; >=20um finished barrel Cu; tent both faces; no open drill in SMT/paste; supplier registration/coupon acceptance pending
service_usb_repair_net5_0_via1,8.3,9.25,0.25,0.5,0.125,6.4,0.35092920000000133,Ordinary plated; >=20um finished barrel Cu; tent both faces; no open drill in SMT/paste; supplier registration/coupon acceptance pending
service_usb_repair_net4_1_via0,8.5,8.325000000000003,0.25,0.5,0.125,6.4,1.2446849510825984,Ordinary plated; >=20um finished barrel Cu; tent both faces; no open drill in SMT/paste; supplier registration/coupon acceptance pending
service_usb_repair_net4_1_via1,5.025000000000002,9.275000000000002,0.25,0.5,0.125,6.4,0.3321183424678329,Ordinary plated; >=20um finished barrel Cu; tent both faces; no open drill in SMT/paste; supplier registration/coupon acceptance pending
service_usb_repair_net12_1_via0,4.225000000000001,9.275000000000002,0.25,0.5,0.125,6.4,0.3320124423866054,Ordinary plated; >=20um finished barrel Cu; tent both faces; no open drill in SMT/paste; supplier registration/coupon acceptance pending
service_usb_repair_net12_1_via1,10.325000000000003,8.400000000000002,0.25,0.5,0.125,6.4,0.33435499999999685,Ordinary plated; >=20um finished barrel Cu; tent both faces; no open drill in SMT/paste; supplier registration/coupon acceptance pending
service_usb_repair_net11_0_via0,-7.324999999999999,8.475000000000001,0.25,0.5,0.125,6.4,0.35000460000000194,Ordinary plated; >=20um finished barrel Cu; tent both faces; no open drill in SMT/paste; supplier registration/coupon acceptance pending
service_usb_repair_net0_12_via0,-9.075,6.700000000000003,0.25,0.5,0.125,6.4,0.3498751000000002,Ordinary plated; >=20um finished barrel Cu; tent both faces; no open drill in SMT/paste; supplier registration/coupon acceptance pending
service_usb_repair_net0_17_via0,-0.09999999999999787,7.400000000000002,0.25,0.5,0.125,6.4,0.8332410824486988,Ordinary plated; >=20um finished barrel Cu; tent both faces; no open drill in SMT/paste; supplier registration/coupon acceptance pending
service_usb_repair_net0_19_via0,4.225000000000001,7.550000000000001,0.25,0.5,0.125,6.4,0.31728596486407346,Ordinary plated; >=20um finished barrel Cu; tent both faces; no open drill in SMT/paste; supplier registration/coupon acceptance pending
inside_phase_via_A_PLUS,0.45,-4,0.25,0.5,0.125,6.4,0.2949296941377102,Ordinary plated; >=20um finished barrel Cu; tent both faces; no open drill in SMT/paste; supplier registration/coupon acceptance pending
inside_phase_via_B_PLUS,-0.4,-4.1,0.25,0.5,0.125,6.4,0.23519656602212002,Ordinary plated; >=20um finished barrel Cu; tent both faces; no open drill in SMT/paste; supplier registration/coupon acceptance pending
inside_phase_via_A_MINUS,3.45,-6.225,0.25,0.5,0.125,6.4,0.30293208516426195,Ordinary plated; >=20um finished barrel Cu; tent both faces; no open drill in SMT/paste; supplier registration/coupon acceptance pending
inside_phase_via_B_MINUS,-3.2,-4.75,0.25,0.5,0.125,6.4,0.9481737886074352,Ordinary plated; >=20um finished barrel Cu; tent both faces; no open drill in SMT/paste; supplier registration/coupon acceptance pending
inside_power_escape_U_DRV_VBB1_via,2.5,-4.2,0.25,0.5,0.125,6.4,0.4874273306211684,Ordinary plated; >=20um finished barrel Cu; tent both faces; no open drill in SMT/paste; supplier registration/coupon acceptance pending
inside_power_escape_C_VM2_pin1_via,4.85,-6.45,0.25,0.5,0.125,6.4,0.4770857755963452,Ordinary plated; >=20um finished barrel Cu; tent both faces; no open drill in SMT/paste; supplier registration/coupon acceptance pending
inside_motor_repair_net12_1_via0,9.950000000000003,-3.5749999999999993,0.25,0.5,0.125,6.4,0.3097711423021889,Ordinary plated; >=20um finished barrel Cu; tent both faces; no open drill in SMT/paste; supplier registration/coupon acceptance pending
inside_motor_repair_net12_4_via0,4.025000000000002,-12.55,0.25,0.5,0.125,6.4,0.5499791999999983,Ordinary plated; >=20um finished barrel Cu; tent both faces; no open drill in SMT/paste; supplier registration/coupon acceptance pending
inside_motor_repair_net12_6_via0,-5.1,-12.75,0.25,0.5,0.125,6.4,0.830255405221871,Ordinary plated; >=20um finished barrel Cu; tent both faces; no open drill in SMT/paste; supplier registration/coupon acceptance pending
inside_motor_repair_net12_6_via1,-3.4749999999999996,-12.1,0.25,0.5,0.125,6.4,0.3172859648640737,Ordinary plated; >=20um finished barrel Cu; tent both faces; no open drill in SMT/paste; supplier registration/coupon acceptance pending
inside_motor_repair_net12_6_via2,-0.4499999999999993,-11.399999999999999,0.25,0.5,0.125,6.4,0.3249768000000008,Ordinary plated; >=20um finished barrel Cu; tent both faces; no open drill in SMT/paste; supplier registration/coupon acceptance pending
inside_motor_repair_net0_0_via0,-2.2249999999999996,-12.274999999999999,0.25,0.5,0.125,6.4,0.3065728609100765,Ordinary plated; >=20um finished barrel Cu; tent both faces; no open drill in SMT/paste; supplier registration/coupon acceptance pending
inside_motor_repair_net0_0_via1,-2.2249999999999996,-9.625,0.25,0.5,0.125,6.4,0.4588281999999992,Ordinary plated; >=20um finished barrel Cu; tent both faces; no open drill in SMT/paste; supplier registration/coupon acceptance pending
inside_signal_escape_DIR_via,3.45,-7.5,0.25,0.5,0.125,6.4,0.38270588529603566,Ordinary plated; >=20um finished barrel Cu; tent both faces; no open drill in SMT/paste; supplier registration/coupon acceptance pending
inside_signal_escape_STEP_via,3.35,-8.6,0.25,0.5,0.125,6.4,0.310557703458373,Ordinary plated; >=20um finished barrel Cu; tent both faces; no open drill in SMT/paste; supplier registration/coupon acceptance pending
inside_mcu_escape_DIR_via,2.05,0.6999000000000003,0.25,0.5,0.125,6.4,0.4743046999999998,Ordinary plated; >=20um finished barrel Cu; tent both faces; no open drill in SMT/paste; supplier registration/coupon acceptance pending
inside_motor_repair_net0_1_via0,3.150000000000002,-4.649999999999999,0.25,0.5,0.125,6.4,0.30510185161638004,Ordinary plated; >=20um finished barrel Cu; tent both faces; no open drill in SMT/paste; supplier registration/coupon acceptance pending
inside_ground_escape_C_VM_pin2_via,-6.6,-6.4,0.25,0.5,0.125,6.4,0.1749767999999996,Ordinary plated; >=20um finished barrel Cu; tent both faces; no open drill in SMT/paste; supplier registration/coupon acceptance pending
outer_native_escape_U_DRV_CP1_via,-3.4,-7.05,0.2,0.4,0.1,8.0,0.36900047949774734,Ordinary plated; >=20um finished barrel Cu; tent both faces; no open drill in SMT/paste; supplier registration/coupon acceptance pending
outer_native_escape_U_DRV_CP2_via,-3.65,-7.55,0.2,0.4,0.1,8.0,0.6134184858116707,Ordinary plated; >=20um finished barrel Cu; tent both faces; no open drill in SMT/paste; supplier registration/coupon acceptance pending
outer_native_escape_U_DRV_VCP_via,-3.7,-8.15,0.2,0.4,0.1,8.0,0.6844812367656331,Ordinary plated; >=20um finished barrel Cu; tent both faces; no open drill in SMT/paste; supplier registration/coupon acceptance pending
outer_native_escape_U_DRV_ENABLE_N_via,-3.675,-6.5,0.2,0.4,0.1,8.0,0.3249768000000004,Ordinary plated; >=20um finished barrel Cu; tent both faces; no open drill in SMT/paste; supplier registration/coupon acceptance pending
outer_native_escape_C_CP_pin1_via,-6.4,-7.999976,0.2,0.4,0.1,8.0,0.35000090000000034,Ordinary plated; >=20um finished barrel Cu; tent both faces; no open drill in SMT/paste; supplier registration/coupon acceptance pending
outer_native_escape_C_CP_pin2_via,-6.4,-9.400024,0.2,0.4,0.1,8.0,0.3500009000000004,Ordinary plated; >=20um finished barrel Cu; tent both faces; no open drill in SMT/paste; supplier registration/coupon acceptance pending
outer_native_escape_C_VCP_pin1_via,-6.5,-11.35,0.2,0.4,0.1,8.0,0.39997680000000013,Ordinary plated; >=20um finished barrel Cu; tent both faces; no open drill in SMT/paste; supplier registration/coupon acceptance pending
inside_motor_repair_net28_0_via0,3.075000000000003,-14.775,0.25,0.5,0.125,6.4,1.1999999999999975,Ordinary plated; >=20um finished barrel Cu; tent both faces; no open drill in SMT/paste; supplier registration/coupon acceptance pending
inside_motor_repair_net28_0_via1,3.200000000000003,-13.2,0.25,0.5,0.125,6.4,1.3917599404498169,Ordinary plated; >=20um finished barrel Cu; tent both faces; no open drill in SMT/paste; supplier registration/coupon acceptance pending
outer_native_escape_U_DRV_SENSE1_via,1.25,-4.05,0.25,0.5,0.125,6.4,0.329777740497217,Ordinary plated; >=20um finished barrel Cu; tent both faces; no open drill in SMT/paste; supplier registration/coupon acceptance pending
outer_native_escape_R_SA_pin1_via,2.0,-3.75,0.25,0.5,0.125,6.4,0.24575868675709225,Ordinary plated; >=20um finished barrel Cu; tent both faces; no open drill in SMT/paste; supplier registration/coupon acceptance pending
inside_motor_repair_net27_0_via0,-8.225,-10.85,0.25,0.5,0.125,6.4,1.4199996000000006,Ordinary plated; >=20um finished barrel Cu; tent both faces; no open drill in SMT/paste; supplier registration/coupon acceptance pending
inside_motor_repair_net1_9_via0,-2.2249999999999996,-10.3,0.25,0.5,0.125,6.4,0.4644034815351479,Ordinary plated; >=20um finished barrel Cu; tent both faces; no open drill in SMT/paste; supplier registration/coupon acceptance pending
inside_motor_repair_net14_0_via0,2.1000000000000014,-0.9499999999999993,0.2,0.4,0.1,8.0,1.174549847081182,Ordinary plated; >=20um finished barrel Cu; tent both faces; no open drill in SMT/paste; supplier registration/coupon acceptance pending
inside_motor_repair_net14_0_via1,3.9250000000000007,-4.049999999999999,0.2,0.4,0.1,8.0,0.42907685450655,Ordinary plated; >=20um finished barrel Cu; tent both faces; no open drill in SMT/paste; supplier registration/coupon acceptance pending
inside_motor_repair_net14_0_via2,4.400000000000002,-6.899999999999999,0.2,0.4,0.1,8.0,0.42199393905613153,Ordinary plated; >=20um finished barrel Cu; tent both faces; no open drill in SMT/paste; supplier registration/coupon acceptance pending
inside_motor_repair_net12_20_via0,-2.9499999999999993,0.02500000000000213,0.2,0.4,0.1,8.0,0.8429967999999979,Ordinary plated; >=20um finished barrel Cu; tent both faces; no open drill in SMT/paste; supplier registration/coupon acceptance pending
inside_motor_repair_net12_20_via1,-3.674999999999999,-1.8249999999999993,0.2,0.4,0.1,8.0,0.28659383785361947,Ordinary plated; >=20um finished barrel Cu; tent both faces; no open drill in SMT/paste; supplier registration/coupon acceptance pending
inside_motor_repair_net24_3_via0,-9.725,-3.9749999999999996,0.2,0.4,0.1,8.0,0.2889931000000008,Ordinary plated; >=20um finished barrel Cu; tent both faces; no open drill in SMT/paste; supplier registration/coupon acceptance pending
inside_motor_repair_net24_3_via1,-8.174999999999999,-11.75,0.2,0.4,0.1,8.0,2.074976799999999,Ordinary plated; >=20um finished barrel Cu; tent both faces; no open drill in SMT/paste; supplier registration/coupon acceptance pending
inside_motor_repair_net18_1_via0,-2.1999999999999993,4.450000000000003,0.2,0.4,0.1,8.0,0.2694773176381917,Ordinary plated; >=20um finished barrel Cu; tent both faces; no open drill in SMT/paste; supplier registration/coupon acceptance pending
inside_motor_repair_net18_1_via1,-3.049999999999999,4.0,0.2,0.4,0.1,8.0,0.2679967999999997,Ordinary plated; >=20um finished barrel Cu; tent both faces; no open drill in SMT/paste; supplier registration/coupon acceptance pending
inside_motor_repair_net18_1_via2,-1.7249999999999996,2.0,0.2,0.4,0.1,8.0,0.06799679999999997,IPC4761 TypeVI nonconductive resin filled and solder-mask covered both faces; drill outside SMT/paste; cap copper not required; >=20um barrel Cu; supplier acceptance/coupon inspection pending
inside_motor_repair_net19_1_via0,-2.4499999999999993,5.800000000000001,0.2,0.4,0.1,8.0,0.2813763082107599,Ordinary plated; >=20um finished barrel Cu; tent both faces; no open drill in SMT/paste; supplier registration/coupon acceptance pending
inside_motor_repair_net19_1_via1,-4.174999999999999,5.100000000000001,0.2,0.4,0.1,8.0,0.4153742456835001,Ordinary plated; >=20um finished barrel Cu; tent both faces; no open drill in SMT/paste; supplier registration/coupon acceptance pending
inside_motor_repair_net19_1_via2,-1.5249999999999986,0.6000000000000014,0.2,0.4,0.1,8.0,0.06799680000000147,IPC4761 TypeVI nonconductive resin filled and solder-mask covered both faces; drill outside SMT/paste; cap copper not required; >=20um barrel Cu; supplier acceptance/coupon inspection pending
inside_motor_repair_net0_1x_via0,-3.5,-13.436771268085419,0.2,0.4,0.1,8.0,1.5364069604229502,Ordinary plated; >=20um finished barrel Cu; tent both faces; no open drill in SMT/paste; supplier registration/coupon acceptance pending
inside_motor_repair_net0_2_via0,0.22500000000000142,2.9250000000000007,0.2,0.4,0.1,8.0,0.07500090000000093,IPC4761 TypeVI nonconductive resin filled and solder-mask covered both faces; drill outside SMT/paste; cap copper not required; >=20um barrel Cu; supplier acceptance/coupon inspection pending
