"Designator","Comment","Value","Footprint","JLCPCB Part #"
"J_PD","","C165948","C165948","C165948"
"J_DATA","","C165948","C165948","C165948"
"U_PD","","C970725","C970725","C970725"
"R_PD","1k","1k","C441922","C441922"
"C_PD","1u","1u","C15849","C15849"
"R_PG","10k","10k","C25804","C25804"
"U_MCU","","C7437027","C7437027","C7437027"
"C_MCU","100n","100n","C14663","C14663"
"C_LOGIC","4.7u","4.7u","C98192","C98192"
"R_CC1","5.1k","5.1k","C23186","C23186"
"R_CC2","5.1k","5.1k","C23186","C23186"
"R_USB_SENSE_H","100k","100k","C25803","C25803"
"R_USB_SENSE_L","100k","100k","C25803","C25803"
"R_VM_H","100k","100k","C25803","C25803"
"R_VM_L","10k","10k","C25804","C25804"
"C_VM_SENSE","10n","10n","C1589","C1589"
"U_LDO","","C14289","C14289","C14289"
"D_PD","","C8598","C8598","C8598"
"D_DATA","","C8598","C8598","C8598"
"C_LDO_IN","1u","1u","C28323","C28323"
"C_LDO_OUT","4.7u","4.7u","C98192","C98192"
"U_DRV","","C38437","C38437","C38437"
"C_CP","100n","100n","C14663","C14663"
"C_VCP","100n","100n","C14663","C14663"
"C_VREG","220n","220n","C21120","C21120"
"C_DRV_LOGIC","100n","100n","C14663","C14663"
"C_VM","100n","100n","C49678","C49678"
"C_BULK","47u","47u","C72522","C72522"
"R_SA","240m","240m","C2930216","C2930216"
"R_SB","240m","240m","C2930216","C2930216"
"R_REF_H","39k","39k","C23153","C23153"
"R_REF_L","10k","10k","C25804","C25804"
"C_REF","10n","10n","C1589","C1589"
"R_ENABLE","100k","100k","C25803","C25803"
"R_SLEEP","100k","100k","C25803","C25803"
"J_MOTOR","",""," ",
"J_DEBUG","",""," ",
"U_ESD","","C2687116","C2687116","C2687116"
"D_TVS","","C19077512","C19077512","C19077512"
"R_USB_BOOT","4.7k","4.7k","C25900","C25900"
"J_BOOT","",""," ",