Designator,Mid X,Mid Y,Layer,Rotation
J_PD,-12.575,4.500,top,270
J_DATA,12.575,4.500,top,90
U_PD,-3.400,8.200,top,270
R_PD,-8.500,11.700,top,0
C_PD,-5.500,11.700,top,0
R_PG,-0.500,11.800,top,0
U_MCU,4.999,1.500,top,270
C_MCU,5.600,-3.400,top,0
C_LOGIC,11.000,-3.500,top,90
R_CC1,5.500,10.500,top,0
R_CC2,8.500,12.000,top,0
R_USB_SENSE_H,6.200,14.000,top,0
R_USB_SENSE_L,2.100,6.500,top,0
R_VM_H,-0.500,14.000,top,0
R_VM_L,3.000,14.000,top,0
C_VM_SENSE,2.600,5.000,top,0
U_LDO,-5.000,-1.649,top,270
D_PD,-5.000,3.500,top,0
D_DATA,0.000,2.800,top,90
C_LDO_IN,-6.500,-7.800,top,180
C_LDO_OUT,-5.500,-5.800,top,0
U_DRV,0.000,-8.000,top,270
C_CP,-4.700,-9.600,top,0
C_VCP,-4.100,-11.800,top,270
C_VREG,-2.000,-12.300,top,0
C_DRV_LOGIC,4.700,-10.000,top,0
C_VM,0.500,-3.300,top,0
C_BULK,-12.050,-5.400,top,90
R_SA,6.800,-12.600,top,90
R_SB,-6.800,-13.700,top,0
R_REF_H,6.000,-5.500,top,0
R_REF_L,6.000,-7.800,top,0
C_REF,11.800,-7.000,top,0
R_ENABLE,-0.500,-0.500,top,0
R_SLEEP,-6.000,13.500,top,0
J_MOTOR,0.000,-15.500,top,0
J_DEBUG,7.250,-15.500,top,0
U_ESD,5.500,7.500,top,270
D_TVS,-7.000,15.600,top,180
R_USB_BOOT,2.700,10.100,top,0
J_BOOT,1.700,11.900,top,0